-- phpMyAdmin SQL Dump
-- version 5.2.1
-- https://www.phpmyadmin.net/
--
-- Host: 127.0.0.1
-- Generation Time: Aug 05, 2024 at 11:15 AM
-- Server version: 10.4.32-MariaDB
-- PHP Version: 8.2.12

SET SQL_MODE = "NO_AUTO_VALUE_ON_ZERO";
START TRANSACTION;
SET time_zone = "+00:00";


/*!40101 SET @OLD_CHARACTER_SET_CLIENT=@@CHARACTER_SET_CLIENT */;
/*!40101 SET @OLD_CHARACTER_SET_RESULTS=@@CHARACTER_SET_RESULTS */;
/*!40101 SET @OLD_COLLATION_CONNECTION=@@COLLATION_CONNECTION */;
/*!40101 SET NAMES utf8mb4 */;

--
-- Database: `bible`
--

-- --------------------------------------------------------

--
-- Table structure for table `admin`
--

CREATE TABLE `admin` (
  `admin_id` int(11) NOT NULL,
  `username` varchar(50) NOT NULL,
  `password` varchar(50) NOT NULL
) ENGINE=InnoDB DEFAULT CHARSET=utf8mb4 COLLATE=utf8mb4_general_ci;

--
-- Dumping data for table `admin`
--

INSERT INTO `admin` (`admin_id`, `username`, `password`) VALUES
(1, 'admin', 'admin@123');

-- --------------------------------------------------------

--
-- Table structure for table `books`
--

CREATE TABLE `books` (
  `book_id` int(11) NOT NULL,
  `book_name` varchar(100) NOT NULL,
  `testament` varchar(50) NOT NULL
) ENGINE=InnoDB DEFAULT CHARSET=utf8mb4 COLLATE=utf8mb4_general_ci;

--
-- Dumping data for table `books`
--

INSERT INTO `books` (`book_id`, `book_name`, `testament`) VALUES
(1, 'Genesis', 'Old Testament'),
(2, 'Exodus', 'Old Testament'),
(3, 'Leviticus', 'Old Testament'),
(4, 'Numbers', 'Old Testament'),
(5, 'Deuteronomy', 'Old Testament'),
(6, 'Joshua', 'Old Testament'),
(7, 'Judges', 'Old Testament'),
(8, 'Ruth', 'Old Testament'),
(9, '1 Samuel', 'Old Testament'),
(10, '2 Samuel', 'Old Testament'),
(11, '1 Kings', 'Old Testament'),
(12, '2 Kings', 'Old Testament'),
(13, '1 Chronicles', 'Old Testament'),
(14, '2 Chronicles', 'Old Testament'),
(15, 'Ezra', 'Old Testament'),
(16, 'Nehemiah', 'Old Testament'),
(17, 'Esther', 'Old Testament'),
(18, 'Job', 'Old Testament'),
(19, 'Psalms', 'Old Testament'),
(20, 'Proverbs', 'Old Testament'),
(21, 'Ecclesiastes', 'Old Testament'),
(22, 'Song of Solomon', 'Old Testament'),
(23, 'Isaiah', 'Old Testament'),
(24, 'Jeremiah', 'Old Testament'),
(25, 'Lamentations', 'Old Testament'),
(26, 'Ezekiel', 'Old Testament'),
(27, 'Daniel', 'Old Testament'),
(28, 'Hosea', 'Old Testament'),
(29, 'Joel', 'Old Testament'),
(30, 'Amos', 'Old Testament'),
(31, 'Obadiah', 'Old Testament'),
(32, 'Jonah', 'Old Testament'),
(33, 'Micah', 'Old Testament'),
(34, 'Nahum', 'Old Testament'),
(35, 'Habakkuk', 'Old Testament'),
(36, 'Zephaniah', 'Old Testament'),
(37, 'Haggai', 'Old Testament'),
(38, 'Zechariah', 'Old Testament'),
(39, 'Malachi', 'Old Testament'),
(40, 'Matthew', 'New Testament'),
(41, 'Mark', 'New Testament'),
(42, 'Luke', 'New Testament'),
(43, 'John', 'New Testament'),
(44, 'Acts', 'New Testament'),
(45, 'Romans', 'New Testament'),
(46, '1 Corinthians', 'New Testament'),
(47, '2 Corinthians', 'New Testament'),
(48, 'Galatians', 'New Testament'),
(49, 'Ephesians', 'New Testament'),
(50, 'Philippians', 'New Testament'),
(51, 'Colossians', 'New Testament'),
(52, '1 Thessalonians', 'New Testament'),
(53, '2 Thessalonians', 'New Testament'),
(54, '1 Timothy', 'New Testament'),
(55, '2 Timothy', 'New Testament'),
(56, 'Titus', 'New Testament'),
(57, 'Philemon', 'New Testament'),
(58, 'Hebrews', 'New Testament'),
(59, 'James', 'New Testament'),
(60, '1 Peter', 'New Testament'),
(61, '2 Peter', 'New Testament'),
(62, '1 John', 'New Testament'),
(63, '2 John', 'New Testament'),
(64, '3 John', 'New Testament'),
(65, 'Jude', 'New Testament'),
(66, 'Revelation', 'New Testament');

-- --------------------------------------------------------

--
-- Table structure for table `chapters`
--

CREATE TABLE `chapters` (
  `chapter_id` int(11) NOT NULL,
  `book_id` int(11) NOT NULL,
  `chapter_number` int(11) NOT NULL
) ENGINE=InnoDB DEFAULT CHARSET=utf8mb4 COLLATE=utf8mb4_general_ci;

--
-- Dumping data for table `chapters`
--

INSERT INTO `chapters` (`chapter_id`, `book_id`, `chapter_number`) VALUES
(1, 1, 1),
(2, 1, 2),
(3, 1, 3),
(4, 1, 4),
(5, 1, 5),
(6, 1, 6),
(7, 1, 7),
(8, 1, 8),
(9, 1, 9),
(10, 1, 10),
(11, 1, 11),
(12, 1, 12),
(13, 1, 13),
(14, 1, 14),
(15, 1, 15),
(16, 1, 16),
(17, 1, 17),
(18, 1, 18),
(19, 1, 19),
(20, 1, 20),
(21, 1, 21),
(22, 1, 22),
(23, 1, 23),
(24, 1, 24),
(25, 1, 25),
(26, 1, 26),
(27, 1, 27),
(28, 1, 28),
(29, 1, 29),
(30, 1, 30),
(31, 1, 31),
(32, 1, 32),
(33, 1, 33),
(34, 1, 34),
(35, 1, 35),
(36, 1, 36),
(37, 1, 37),
(38, 1, 38),
(39, 1, 39),
(40, 1, 40),
(41, 1, 41),
(42, 1, 42),
(43, 1, 43),
(44, 1, 44),
(45, 1, 45),
(46, 1, 46),
(47, 1, 47),
(48, 1, 48),
(49, 1, 49),
(50, 1, 50),
(51, 2, 1),
(52, 2, 2),
(53, 2, 3),
(54, 2, 4),
(55, 2, 5),
(56, 2, 6),
(57, 2, 7),
(58, 2, 8),
(59, 2, 9),
(60, 2, 10),
(61, 2, 11),
(62, 2, 12),
(63, 2, 13),
(64, 2, 14),
(65, 2, 15),
(66, 2, 16),
(67, 2, 17),
(68, 2, 18),
(69, 2, 19),
(70, 2, 20),
(71, 2, 21),
(72, 2, 22),
(73, 2, 23),
(74, 2, 24),
(75, 2, 25),
(76, 2, 26),
(77, 2, 27),
(78, 2, 28),
(79, 2, 29),
(80, 2, 30),
(81, 2, 31),
(82, 2, 32),
(83, 2, 33),
(84, 2, 34),
(85, 2, 35),
(86, 2, 36),
(87, 2, 37),
(88, 2, 38),
(89, 2, 39),
(90, 2, 40),
(91, 3, 1),
(92, 3, 2),
(93, 3, 3),
(94, 3, 4),
(95, 3, 5),
(96, 3, 6),
(97, 3, 7),
(98, 3, 8),
(99, 3, 9),
(100, 3, 10),
(101, 3, 11),
(102, 3, 12),
(103, 3, 13),
(104, 3, 14),
(105, 3, 15),
(106, 3, 16),
(107, 3, 17),
(108, 3, 18),
(109, 3, 19),
(110, 3, 20),
(111, 3, 21),
(112, 3, 22),
(113, 3, 23),
(114, 3, 24),
(115, 3, 25),
(116, 3, 26),
(117, 3, 27),
(118, 4, 1),
(119, 4, 2),
(120, 4, 3),
(121, 4, 4),
(122, 4, 5),
(123, 4, 6),
(124, 4, 7),
(125, 4, 8),
(126, 4, 9),
(127, 4, 10),
(128, 4, 11),
(129, 4, 12),
(130, 4, 13),
(131, 4, 14),
(132, 4, 15),
(133, 4, 16),
(134, 4, 17),
(135, 4, 18),
(136, 4, 19),
(137, 4, 20),
(138, 4, 21),
(139, 4, 22),
(140, 4, 23),
(141, 4, 24),
(142, 4, 25),
(143, 4, 26),
(144, 4, 27),
(145, 4, 28),
(146, 4, 29),
(147, 4, 30),
(148, 4, 31),
(149, 4, 32),
(150, 4, 33),
(151, 4, 34),
(152, 4, 35),
(153, 4, 36),
(154, 5, 1),
(155, 5, 2),
(156, 5, 3),
(157, 5, 4),
(158, 5, 5),
(159, 5, 6),
(160, 5, 7),
(161, 5, 8),
(162, 5, 9),
(163, 5, 10),
(164, 5, 11),
(165, 5, 12),
(166, 5, 13),
(167, 5, 14),
(168, 5, 15),
(169, 5, 16),
(170, 5, 17),
(171, 5, 18),
(172, 5, 19),
(173, 5, 20),
(174, 5, 21),
(175, 5, 22),
(176, 5, 23),
(177, 5, 24),
(178, 5, 25),
(179, 5, 26),
(180, 5, 27),
(181, 5, 28),
(182, 5, 29),
(183, 5, 30),
(184, 5, 31),
(185, 5, 32),
(186, 5, 33),
(187, 5, 34),
(188, 6, 1),
(189, 6, 2),
(190, 6, 3),
(191, 6, 4),
(192, 6, 5),
(193, 6, 6),
(194, 6, 7),
(195, 6, 8),
(196, 6, 9),
(197, 6, 10),
(198, 6, 11),
(199, 6, 12),
(200, 6, 13),
(201, 6, 14),
(202, 6, 15),
(203, 6, 16),
(204, 6, 17),
(205, 6, 18),
(206, 6, 19),
(207, 6, 20),
(208, 6, 21),
(209, 6, 22),
(210, 6, 23),
(211, 6, 24),
(212, 7, 1),
(213, 7, 2),
(214, 7, 3),
(215, 7, 4),
(216, 7, 5),
(217, 7, 6),
(218, 7, 7),
(219, 7, 8),
(220, 7, 9),
(221, 7, 10),
(222, 7, 11),
(223, 7, 12),
(224, 7, 13),
(225, 7, 14),
(226, 7, 15),
(227, 7, 16),
(228, 7, 17),
(229, 7, 18),
(230, 7, 19),
(231, 7, 20),
(232, 7, 21),
(233, 8, 1),
(234, 8, 2),
(235, 8, 3),
(236, 8, 4),
(237, 9, 1),
(238, 9, 2),
(239, 9, 3),
(240, 9, 4),
(241, 9, 5),
(242, 9, 6),
(243, 9, 7),
(244, 9, 8),
(245, 9, 9),
(246, 9, 10),
(247, 9, 11),
(248, 9, 12),
(249, 9, 13),
(250, 9, 14),
(251, 9, 15),
(252, 9, 16),
(253, 9, 17),
(254, 9, 18),
(255, 9, 19),
(256, 9, 20),
(257, 9, 21),
(258, 9, 22),
(259, 9, 23),
(260, 9, 24),
(261, 9, 25),
(262, 9, 26),
(263, 9, 27),
(264, 9, 28),
(265, 9, 29),
(266, 9, 30),
(267, 9, 31),
(268, 10, 1),
(269, 10, 2),
(270, 10, 3),
(271, 10, 4),
(272, 10, 5),
(273, 10, 6),
(274, 10, 7),
(275, 10, 8),
(276, 10, 9),
(277, 10, 10),
(278, 10, 11),
(279, 10, 12),
(280, 10, 13),
(281, 10, 14),
(282, 10, 15),
(283, 10, 16),
(284, 10, 17),
(285, 10, 18),
(286, 10, 19),
(287, 10, 20),
(288, 10, 21),
(289, 10, 22),
(290, 10, 23),
(291, 10, 24),
(292, 11, 1),
(293, 11, 2),
(294, 11, 3),
(295, 11, 4),
(296, 11, 5),
(297, 11, 6),
(298, 11, 7),
(299, 11, 8),
(300, 11, 9),
(301, 11, 10),
(302, 11, 11),
(303, 11, 12),
(304, 11, 13),
(305, 11, 14),
(306, 11, 15),
(307, 11, 16),
(308, 11, 17),
(309, 11, 18),
(310, 11, 19),
(311, 11, 20),
(312, 11, 21),
(313, 11, 22),
(314, 12, 1),
(315, 12, 2),
(316, 12, 3),
(317, 12, 4),
(318, 12, 5),
(319, 12, 6),
(320, 12, 7),
(321, 12, 8),
(322, 12, 9),
(323, 12, 10),
(324, 12, 11),
(325, 12, 12),
(326, 12, 13),
(327, 12, 14),
(328, 12, 15),
(329, 12, 16),
(330, 12, 17),
(331, 12, 18),
(332, 12, 19),
(333, 12, 20),
(334, 12, 21),
(335, 12, 22),
(336, 12, 23),
(337, 12, 24),
(338, 12, 25),
(339, 13, 1),
(340, 13, 2),
(341, 13, 3),
(342, 13, 4),
(343, 13, 5),
(344, 13, 6),
(345, 13, 7),
(346, 13, 8),
(347, 13, 9),
(348, 13, 10),
(349, 13, 11),
(350, 13, 12),
(351, 13, 13),
(352, 13, 14),
(353, 13, 15),
(354, 13, 16),
(355, 13, 17),
(356, 13, 18),
(357, 13, 19),
(358, 13, 20),
(359, 13, 21),
(360, 13, 22),
(361, 13, 23),
(362, 13, 24),
(363, 13, 25),
(364, 13, 26),
(365, 13, 27),
(366, 13, 28),
(367, 13, 29),
(368, 14, 1),
(369, 14, 2),
(370, 14, 3),
(371, 14, 4),
(372, 14, 5),
(373, 14, 6),
(374, 14, 7),
(375, 14, 8),
(376, 14, 9),
(377, 14, 10),
(378, 14, 11),
(379, 14, 12),
(380, 14, 13),
(381, 14, 14),
(382, 14, 15),
(383, 14, 16),
(384, 14, 17),
(385, 14, 18),
(386, 14, 19),
(387, 14, 20),
(388, 14, 21),
(389, 14, 22),
(390, 14, 23),
(391, 14, 24),
(392, 14, 25),
(393, 14, 26),
(394, 14, 27),
(395, 14, 28),
(396, 14, 29),
(397, 14, 30),
(398, 14, 31),
(399, 14, 32),
(400, 14, 33),
(401, 14, 34),
(402, 14, 35),
(403, 14, 36),
(404, 15, 1),
(405, 15, 2),
(406, 15, 3),
(407, 15, 4),
(408, 15, 5),
(409, 15, 6),
(410, 15, 7),
(411, 15, 8),
(412, 15, 9),
(413, 15, 10),
(414, 16, 1),
(415, 16, 2),
(416, 16, 3),
(417, 16, 4),
(418, 16, 5),
(419, 16, 6),
(420, 16, 7),
(421, 16, 8),
(422, 16, 9),
(423, 16, 10),
(424, 16, 11),
(425, 16, 12),
(426, 16, 13),
(427, 17, 1),
(428, 17, 2),
(429, 17, 3),
(430, 17, 4),
(431, 17, 5),
(432, 17, 6),
(433, 17, 7),
(434, 17, 8),
(435, 17, 9),
(436, 17, 10),
(437, 18, 1),
(438, 18, 2),
(439, 18, 3),
(440, 18, 4),
(441, 18, 5),
(442, 18, 6),
(443, 18, 7),
(444, 18, 8),
(445, 18, 9),
(446, 18, 10),
(447, 18, 11),
(448, 18, 12),
(449, 18, 13),
(450, 18, 14),
(451, 18, 15),
(452, 18, 16),
(453, 18, 17),
(454, 18, 18),
(455, 18, 19),
(456, 18, 20),
(457, 18, 21),
(458, 18, 22),
(459, 18, 23),
(460, 18, 24),
(461, 18, 25),
(462, 18, 26),
(463, 18, 27),
(464, 18, 28),
(465, 18, 29),
(466, 18, 30),
(467, 18, 31),
(468, 18, 32),
(469, 18, 33),
(470, 18, 34),
(471, 18, 35),
(472, 18, 36),
(473, 18, 37),
(474, 18, 38),
(475, 18, 39),
(476, 18, 40),
(477, 18, 41),
(478, 18, 42),
(479, 19, 1),
(480, 19, 2),
(481, 19, 3),
(482, 19, 4),
(483, 19, 5),
(484, 19, 6),
(485, 19, 7),
(486, 19, 8),
(487, 19, 9),
(488, 19, 10),
(489, 19, 11),
(490, 19, 12),
(491, 19, 13),
(492, 19, 14),
(493, 19, 15),
(494, 19, 16),
(495, 19, 17),
(496, 19, 18),
(497, 19, 19),
(498, 19, 20),
(499, 19, 21),
(500, 19, 22),
(501, 19, 23),
(502, 19, 24),
(503, 19, 25),
(504, 19, 26),
(505, 19, 27),
(506, 19, 28),
(507, 19, 29),
(508, 19, 30),
(509, 19, 31),
(510, 19, 32),
(511, 19, 33),
(512, 19, 34),
(513, 19, 35),
(514, 19, 36),
(515, 19, 37),
(516, 19, 38),
(517, 19, 39),
(518, 19, 40),
(519, 19, 41),
(520, 19, 42),
(521, 19, 43),
(522, 19, 44),
(523, 19, 45),
(524, 19, 46),
(525, 19, 47),
(526, 19, 48),
(527, 19, 49),
(528, 19, 50),
(529, 19, 51),
(530, 19, 52),
(531, 19, 53),
(532, 19, 54),
(533, 19, 55),
(534, 19, 56),
(535, 19, 57),
(536, 19, 58),
(537, 19, 59),
(538, 19, 60),
(539, 19, 61),
(540, 19, 62),
(541, 19, 63),
(542, 19, 64),
(543, 19, 65),
(544, 19, 66),
(545, 19, 67),
(546, 19, 68),
(547, 19, 69),
(548, 19, 70),
(549, 19, 71),
(550, 19, 72),
(551, 19, 73),
(552, 19, 74),
(553, 19, 75),
(554, 19, 76),
(555, 19, 77),
(556, 19, 78),
(557, 19, 79),
(558, 19, 80),
(559, 19, 81),
(560, 19, 82),
(561, 19, 83),
(562, 19, 84),
(563, 19, 85),
(564, 19, 86),
(565, 19, 87),
(566, 19, 88),
(567, 19, 89),
(568, 19, 90),
(569, 19, 91),
(570, 19, 92),
(571, 19, 93),
(572, 19, 94),
(573, 19, 95),
(574, 19, 96),
(575, 19, 97),
(576, 19, 98),
(577, 19, 99),
(578, 19, 100),
(579, 19, 101),
(580, 19, 102),
(581, 19, 103),
(582, 19, 104),
(583, 19, 105),
(584, 19, 106),
(585, 19, 107),
(586, 19, 108),
(587, 19, 109),
(588, 19, 110),
(589, 19, 111),
(590, 19, 112),
(591, 19, 113),
(592, 19, 114),
(593, 19, 115),
(594, 19, 116),
(595, 19, 117),
(596, 19, 118),
(597, 19, 119),
(598, 19, 120),
(599, 19, 121),
(600, 19, 122),
(601, 19, 123),
(602, 19, 124),
(603, 19, 125),
(604, 19, 126),
(605, 19, 127),
(606, 19, 128),
(607, 19, 129),
(608, 19, 130),
(609, 19, 131),
(610, 19, 132),
(611, 19, 133),
(612, 19, 134),
(613, 19, 135),
(614, 19, 136),
(615, 19, 137),
(616, 19, 138),
(617, 19, 139),
(618, 19, 140),
(619, 19, 141),
(620, 19, 142),
(621, 19, 143),
(622, 19, 144),
(623, 19, 145),
(624, 19, 146),
(625, 19, 147),
(626, 19, 148),
(627, 19, 149),
(628, 19, 150),
(629, 20, 1),
(630, 20, 2),
(631, 20, 3),
(632, 20, 4),
(633, 20, 5),
(634, 20, 6),
(635, 20, 7),
(636, 20, 8),
(637, 20, 9),
(638, 20, 10),
(639, 20, 11),
(640, 20, 12),
(641, 20, 13),
(642, 20, 14),
(643, 20, 15),
(644, 20, 16),
(645, 20, 17),
(646, 20, 18),
(647, 20, 19),
(648, 20, 20),
(649, 20, 21),
(650, 20, 22),
(651, 20, 23),
(652, 20, 24),
(653, 20, 25),
(654, 20, 26),
(655, 20, 27),
(656, 20, 28),
(657, 20, 29),
(658, 20, 30),
(659, 20, 31),
(660, 21, 1),
(661, 21, 2),
(662, 21, 3),
(663, 21, 4),
(664, 21, 5),
(665, 21, 6),
(666, 21, 7),
(667, 21, 8),
(668, 21, 9),
(669, 21, 10),
(670, 21, 11),
(671, 21, 12),
(672, 22, 1),
(673, 22, 2),
(674, 22, 3),
(675, 22, 4),
(676, 22, 5),
(677, 22, 6),
(678, 22, 7),
(679, 22, 8),
(680, 23, 1),
(681, 23, 2),
(682, 23, 3),
(683, 23, 4),
(684, 23, 5),
(685, 23, 6),
(686, 23, 7),
(687, 23, 8),
(688, 23, 9),
(689, 23, 10),
(690, 23, 11),
(691, 23, 12),
(692, 23, 13),
(693, 23, 14),
(694, 23, 15),
(695, 23, 16),
(696, 23, 17),
(697, 23, 18),
(698, 23, 19),
(699, 23, 20),
(700, 23, 21),
(701, 23, 22),
(702, 23, 23),
(703, 23, 24),
(704, 23, 25),
(705, 23, 26),
(706, 23, 27),
(707, 23, 28),
(708, 23, 29),
(709, 23, 30),
(710, 23, 31),
(711, 23, 32),
(712, 23, 33),
(713, 23, 34),
(714, 23, 35),
(715, 23, 36),
(716, 23, 37),
(717, 23, 38),
(718, 23, 39),
(719, 23, 40),
(720, 23, 41),
(721, 23, 42),
(722, 23, 43),
(723, 23, 44),
(724, 23, 45),
(725, 23, 46),
(726, 23, 47),
(727, 23, 48),
(728, 23, 49),
(729, 23, 50),
(730, 23, 51),
(731, 23, 52),
(732, 23, 53),
(733, 23, 54),
(734, 23, 55),
(735, 23, 56),
(736, 23, 57),
(737, 23, 58),
(738, 23, 59),
(739, 23, 60),
(740, 23, 61),
(741, 23, 62),
(742, 23, 63),
(743, 23, 64),
(744, 23, 65),
(745, 23, 66),
(746, 24, 1),
(747, 24, 2),
(748, 24, 3),
(749, 24, 4),
(750, 24, 5),
(751, 24, 6),
(752, 24, 7),
(753, 24, 8),
(754, 24, 9),
(755, 24, 10),
(756, 24, 11),
(757, 24, 12),
(758, 24, 13),
(759, 24, 14),
(760, 24, 15),
(761, 24, 16),
(762, 24, 17),
(763, 24, 18),
(764, 24, 19),
(765, 24, 20),
(766, 24, 21),
(767, 24, 22),
(768, 24, 23),
(769, 24, 24),
(770, 24, 25),
(771, 24, 26),
(772, 24, 27),
(773, 24, 28),
(774, 24, 29),
(775, 24, 30),
(776, 24, 31),
(777, 24, 32),
(778, 24, 33),
(779, 24, 34),
(780, 24, 35),
(781, 24, 36),
(782, 24, 37),
(783, 24, 38),
(784, 24, 39),
(785, 24, 40),
(786, 24, 41),
(787, 24, 42),
(788, 24, 43),
(789, 24, 44),
(790, 24, 45),
(791, 24, 46),
(792, 24, 47),
(793, 24, 48),
(794, 24, 49),
(795, 24, 50),
(796, 24, 51),
(797, 24, 52),
(798, 25, 1),
(799, 25, 2),
(800, 25, 3),
(801, 25, 4),
(802, 25, 5),
(803, 26, 1),
(804, 26, 2),
(805, 26, 3),
(806, 26, 4),
(807, 26, 5),
(808, 26, 6),
(809, 26, 7),
(810, 26, 8),
(811, 26, 9),
(812, 26, 10),
(813, 26, 11),
(814, 26, 12),
(815, 26, 13),
(816, 26, 14),
(817, 26, 15),
(818, 26, 16),
(819, 26, 17),
(820, 26, 18),
(821, 26, 19),
(822, 26, 20),
(823, 26, 21),
(824, 26, 22),
(825, 26, 23),
(826, 26, 24),
(827, 26, 25),
(828, 26, 26),
(829, 26, 27),
(830, 26, 28),
(831, 26, 29),
(832, 26, 30),
(833, 26, 31),
(834, 26, 32),
(835, 26, 33),
(836, 26, 34),
(837, 26, 35),
(838, 26, 36),
(839, 26, 37),
(840, 26, 38),
(841, 26, 39),
(842, 26, 40),
(843, 26, 41),
(844, 26, 42),
(845, 26, 43),
(846, 26, 44),
(847, 26, 45),
(848, 26, 46),
(849, 26, 47),
(850, 26, 48),
(851, 27, 1),
(852, 27, 2),
(853, 27, 3),
(854, 27, 4),
(855, 27, 5),
(856, 27, 6),
(857, 27, 7),
(858, 27, 8),
(859, 27, 9),
(860, 27, 10),
(861, 27, 11),
(862, 27, 12),
(863, 28, 1),
(864, 28, 2),
(865, 28, 3),
(866, 28, 4),
(867, 28, 5),
(868, 28, 6),
(869, 28, 7),
(870, 28, 8),
(871, 28, 9),
(872, 28, 10),
(873, 28, 11),
(874, 28, 12),
(875, 28, 13),
(876, 28, 14),
(877, 29, 1),
(878, 29, 2),
(879, 29, 3),
(880, 30, 1),
(881, 30, 2),
(882, 30, 3),
(883, 30, 4),
(884, 30, 5),
(885, 30, 6),
(886, 30, 7),
(887, 30, 8),
(888, 30, 9),
(889, 31, 1),
(890, 32, 1),
(891, 32, 2),
(892, 32, 3),
(893, 32, 4),
(894, 33, 1),
(895, 33, 2),
(896, 33, 3),
(897, 33, 4),
(898, 33, 5),
(899, 33, 6),
(900, 33, 7),
(901, 34, 1),
(902, 34, 2),
(903, 34, 3),
(904, 35, 1),
(905, 35, 2),
(906, 35, 3),
(907, 36, 1),
(908, 36, 2),
(909, 36, 3),
(910, 37, 1),
(911, 37, 2),
(912, 38, 1),
(913, 38, 2),
(914, 38, 3),
(915, 38, 4),
(916, 38, 5),
(917, 38, 6),
(918, 38, 7),
(919, 38, 8),
(920, 38, 9),
(921, 38, 10),
(922, 38, 11),
(923, 38, 12),
(924, 38, 13),
(925, 38, 14),
(926, 39, 1),
(927, 39, 2),
(928, 39, 3),
(929, 39, 4),
(930, 40, 1),
(931, 40, 2),
(932, 40, 3),
(933, 40, 4),
(934, 40, 5),
(935, 40, 6),
(936, 40, 7),
(937, 40, 8),
(938, 40, 9),
(939, 40, 10),
(940, 40, 11),
(941, 40, 12),
(942, 40, 13),
(943, 40, 14),
(944, 40, 15),
(945, 40, 16),
(946, 40, 17),
(947, 40, 18),
(948, 40, 19),
(949, 40, 20),
(950, 40, 21),
(951, 40, 22),
(952, 40, 23),
(953, 40, 24),
(954, 40, 25),
(955, 40, 26),
(956, 40, 27),
(957, 40, 28),
(958, 41, 1),
(959, 41, 2),
(960, 41, 3),
(961, 41, 4),
(962, 41, 5),
(963, 41, 6),
(964, 41, 7),
(965, 41, 8),
(966, 41, 9),
(967, 41, 10),
(968, 41, 11),
(969, 41, 12),
(970, 41, 13),
(971, 41, 14),
(972, 41, 15),
(973, 41, 16),
(974, 42, 1),
(975, 42, 2),
(976, 42, 3),
(977, 42, 4),
(978, 42, 5),
(979, 42, 6),
(980, 42, 7),
(981, 42, 8),
(982, 42, 9),
(983, 42, 10),
(984, 42, 11),
(985, 42, 12),
(986, 42, 13),
(987, 42, 14),
(988, 42, 15),
(989, 42, 16),
(990, 42, 17),
(991, 42, 18),
(992, 42, 19),
(993, 42, 20),
(994, 42, 21),
(995, 42, 22),
(996, 42, 23),
(997, 42, 24),
(998, 43, 1),
(999, 43, 2),
(1000, 43, 3),
(1001, 43, 4),
(1002, 43, 5),
(1003, 43, 6),
(1004, 43, 7),
(1005, 43, 8),
(1006, 43, 9),
(1007, 43, 10),
(1008, 43, 11),
(1009, 43, 12),
(1010, 43, 13),
(1011, 43, 14),
(1012, 43, 15),
(1013, 43, 16),
(1014, 43, 17),
(1015, 43, 18),
(1016, 43, 19),
(1017, 43, 20),
(1018, 43, 21),
(1019, 44, 1),
(1020, 44, 2),
(1021, 44, 3),
(1022, 44, 4),
(1023, 44, 5),
(1024, 44, 6),
(1025, 44, 7),
(1026, 44, 8),
(1027, 44, 9),
(1028, 44, 10),
(1029, 44, 11),
(1030, 44, 12),
(1031, 44, 13),
(1032, 44, 14),
(1033, 44, 15),
(1034, 44, 16),
(1035, 44, 17),
(1036, 44, 18),
(1037, 44, 19),
(1038, 44, 20),
(1039, 44, 21),
(1040, 44, 22),
(1041, 44, 23),
(1042, 44, 24),
(1043, 44, 25),
(1044, 44, 26),
(1045, 44, 27),
(1046, 44, 28),
(1047, 45, 1),
(1048, 45, 2),
(1049, 45, 3),
(1050, 45, 4),
(1051, 45, 5),
(1052, 45, 6),
(1053, 45, 7),
(1054, 45, 8),
(1055, 45, 9),
(1056, 45, 10),
(1057, 45, 11),
(1058, 45, 12),
(1059, 45, 13),
(1060, 45, 14),
(1061, 45, 15),
(1062, 45, 16),
(1063, 46, 1),
(1064, 46, 2),
(1065, 46, 3),
(1066, 46, 4),
(1067, 46, 5),
(1068, 46, 6),
(1069, 46, 7),
(1070, 46, 8),
(1071, 46, 9),
(1072, 46, 10),
(1073, 46, 11),
(1074, 46, 12),
(1075, 46, 13),
(1076, 46, 14),
(1077, 46, 15),
(1078, 46, 16),
(1079, 47, 1),
(1080, 47, 2),
(1081, 47, 3),
(1082, 47, 4),
(1083, 47, 5),
(1084, 47, 6),
(1085, 47, 7),
(1086, 47, 8),
(1087, 47, 9),
(1088, 47, 10),
(1089, 47, 11),
(1090, 47, 12),
(1091, 47, 13),
(1092, 48, 1),
(1093, 48, 2),
(1094, 48, 3),
(1095, 48, 4),
(1096, 48, 5),
(1097, 48, 6),
(1098, 49, 1),
(1099, 49, 2),
(1100, 49, 3),
(1101, 49, 4),
(1102, 49, 5),
(1103, 49, 6),
(1104, 50, 1),
(1105, 50, 2),
(1106, 50, 3),
(1107, 50, 4),
(1108, 51, 1),
(1109, 51, 2),
(1110, 51, 3),
(1111, 51, 4),
(1112, 52, 1),
(1113, 52, 2),
(1114, 52, 3),
(1115, 52, 4),
(1116, 52, 5),
(1117, 53, 1),
(1118, 53, 2),
(1119, 53, 3),
(1120, 54, 1),
(1121, 54, 2),
(1122, 54, 3),
(1123, 54, 4),
(1124, 54, 5),
(1125, 54, 6),
(1126, 55, 1),
(1127, 55, 2),
(1128, 55, 3),
(1129, 55, 4),
(1130, 56, 1),
(1131, 56, 2),
(1132, 56, 3),
(1133, 57, 1),
(1134, 58, 1),
(1135, 58, 2),
(1136, 58, 3),
(1137, 58, 4),
(1138, 58, 5),
(1139, 58, 6),
(1140, 58, 7),
(1141, 58, 8),
(1142, 58, 9),
(1143, 58, 10),
(1144, 58, 11),
(1145, 58, 12),
(1146, 58, 13),
(1147, 59, 1),
(1148, 59, 2),
(1149, 59, 3),
(1150, 59, 4),
(1151, 59, 5),
(1152, 60, 1),
(1153, 60, 2),
(1154, 60, 3),
(1155, 60, 4),
(1156, 60, 5),
(1157, 61, 1),
(1158, 61, 2),
(1159, 61, 3),
(1160, 62, 1),
(1161, 62, 2),
(1162, 62, 3),
(1163, 62, 4),
(1164, 62, 5),
(1165, 63, 1),
(1166, 64, 1),
(1167, 65, 1),
(1168, 66, 1),
(1169, 66, 2),
(1170, 66, 3),
(1171, 66, 4),
(1172, 66, 5),
(1173, 66, 6),
(1174, 66, 7),
(1175, 66, 8),
(1176, 66, 9),
(1177, 66, 10),
(1178, 66, 11),
(1179, 66, 12),
(1180, 66, 13),
(1181, 66, 14),
(1182, 66, 15),
(1183, 66, 16),
(1184, 66, 17),
(1185, 66, 18),
(1186, 66, 19),
(1187, 66, 20),
(1188, 66, 21),
(1189, 66, 22);

-- --------------------------------------------------------

--
-- Table structure for table `verses`
--

CREATE TABLE `verses` (
  `verse_id` int(11) NOT NULL,
  `chapter_id` int(11) NOT NULL,
  `verse_number` int(11) NOT NULL,
  `text` longtext NOT NULL
) ENGINE=InnoDB DEFAULT CHARSET=utf8mb4 COLLATE=utf8mb4_general_ci;

--
-- Dumping data for table `verses`
--

INSERT INTO `verses` (`verse_id`, `chapter_id`, `verse_number`, `text`) VALUES
(1, 1, 1, 'In the beginning God created the heavens and the earth.'),
(2, 1, 2, 'Now the earth was formless and empty, darkness was over the surface of the deep, and the Spirit of God was hovering over the waters.'),
(3, 1, 3, 'And God said, “Let there be light,” and there was light.'),
(4, 1, 4, 'God saw that the light was good, and he separated the light from the darkness.'),
(5, 1, 5, 'God called the light “day,” and the darkness he called “night.” And there was evening, and there was morning—the first day.'),
(6, 1, 6, 'And God said, “Let there be a vault between the waters to separate water from water.”'),
(7, 1, 7, 'So God made the vault and separated the water under the vault from the water above it. And it was so.'),
(8, 1, 8, 'God called the vault “sky.” And there was evening, and there was morning—the second day.'),
(9, 1, 9, 'And God said, “Let the water under the sky be gathered to one place, and let dry ground appear.” And it was so.'),
(10, 1, 10, 'God called the dry ground “land,” and the gathered waters he called “seas.” And God saw that it was good.'),
(11, 1, 11, 'Then God said, “Let the land produce vegetation: seed-bearing plants and trees on the land that bear fruit with seed in it, according to their various kinds.” And it was so.'),
(12, 1, 12, 'The land produced vegetation: plants bearing seed according to their kinds and trees bearing fruit with seed in it according to their kinds. And God saw that it was good.'),
(13, 1, 13, 'And there was evening, and there was morning—the third day.'),
(14, 1, 14, 'And God said, “Let there be lights in the vault of the sky to separate the day from the night, and let them serve as signs to mark sacred times, and days and years,'),
(15, 1, 15, 'and let them be lights in the vault of the sky to give light on the earth.” And it was so.'),
(16, 1, 16, 'God made two great lights—the greater light to govern the day and the lesser light to govern the night. He also made the stars.'),
(17, 1, 17, 'God set them in the vault of the sky to give light on the earth,'),
(18, 1, 18, 'to govern the day and the night, and to separate light from darkness. And God saw that it was good.'),
(19, 1, 19, 'And there was evening, and there was morning—the fourth day.'),
(20, 1, 20, 'And God said, “Let the water teem with living creatures, and let birds fly above the earth across the vault of the sky.”'),
(21, 1, 21, 'So God created the great creatures of the sea and every living thing with which the water teems and that moves about in it, according to their kinds, and every winged bird according to its kind. And God saw that it was good.'),
(22, 1, 22, 'God blessed them and said, “Be fruitful and increase in number and fill the water in the seas, and let the birds increase on the earth.”'),
(23, 1, 23, 'And there was evening, and there was morning—the fifth day.'),
(24, 1, 24, 'And God said, “Let the land produce living creatures according to their kinds: the livestock, the creatures that move along the ground, and the wild animals, each according to its kind.” And it was so.'),
(25, 1, 25, 'God made the wild animals according to their kinds, the livestock according to their kinds, and all the creatures that move along the ground according to their kinds. And God saw that it was good.'),
(26, 1, 26, 'Then God said, “Let us make mankind in our image, in our likeness, so that they may rule over the fish in the sea and the birds in the sky, over the livestock and all the wild animals, and over all the creatures that move along the ground.”'),
(27, 1, 27, 'So God created mankind in his own image, in the image of God he created them; male and female he created them.'),
(28, 1, 28, 'God blessed them and said to them, “Be fruitful and increase in number; fill the earth and subdue it. Rule over the fish in the sea and the birds in the sky and over every living creature that moves on the ground.”'),
(29, 1, 29, 'Then God said, “I give you every seed-bearing plant on the face of the whole earth and every tree that has fruit with seed in it. They will be yours for food.'),
(30, 1, 30, 'And to all the beasts of the earth and all the birds in the sky and all the creatures that move along the ground—everything that has the breath of life in it—I give every green plant for food.” And it was so.'),
(31, 1, 31, 'God saw all that he had made, and it was very good. And there was evening, and there was morning—the sixth day.'),
(32, 2, 1, 'Thus the heavens and the earth were completed in all their vast array.'),
(33, 2, 2, 'By the seventh day God had finished the work he had been doing; so on the seventh day he rested from all his work.'),
(34, 2, 3, 'Then God blessed the seventh day and made it holy, because on it he rested from all the work of creating that he had done.'),
(35, 2, 4, 'This is the account of the heavens and the earth when they were created, when the LORD God made the earth and the heavens.'),
(36, 2, 5, 'Now no shrub had yet appeared on the earth and no plant had yet sprung up, for the LORD God had not sent rain on the earth and there was no one to work the ground,'),
(37, 2, 6, 'but streams came up from the earth and watered the whole surface of the ground.'),
(38, 2, 7, 'Then the LORD God formed a man from the dust of the ground and breathed into his nostrils the breath of life, and the man became a living being.'),
(39, 2, 8, 'Now the LORD God had planted a garden in the east, in Eden; and there he put the man he had formed.'),
(40, 2, 9, 'The LORD God made all kinds of trees grow out of the ground—trees that were pleasing to the eye and good for food. In the middle of the garden were the tree of life and the tree of the knowledge of good and evil.'),
(41, 2, 10, 'A river watering the garden flowed from Eden; from there it was separated into four headwaters.'),
(42, 2, 11, 'The name of the first is the Pishon; it winds through the entire land of Havilah, where there is gold.'),
(43, 2, 12, 'The gold of that land is good; aromatic resin and onyx are also there.'),
(44, 2, 13, 'The name of the second river is the Gihon; it winds through the entire land of Cush.'),
(45, 2, 14, 'The name of the third river is the Tigris; it runs along the east side of Ashur. And the fourth river is the Euphrates.'),
(46, 2, 15, 'The LORD God took the man and put him in the Garden of Eden to work it and take care of it.'),
(47, 2, 16, 'And the LORD God commanded the man, “You are free to eat from any tree in the garden;'),
(48, 2, 17, 'but you must not eat from the tree of the knowledge of good and evil, for when you eat from it you will certainly die.”'),
(49, 2, 18, 'The LORD God said, “It is not good for the man to be alone. I will make a helper suitable for him.”'),
(50, 2, 19, 'Now the LORD God had formed out of the ground all the wild animals and all the birds in the sky. He brought them to the man to see what he would name them; and whatever the man called each living creature, that was its name.'),
(51, 2, 20, 'So the man gave names to all the livestock, the birds in the sky and all the wild animals. But for Adam no suitable helper was found.'),
(52, 2, 21, 'So the LORD God caused the man to fall into a deep sleep; and while he was sleeping, he took one of the man’s ribs and then closed up the place with flesh.'),
(53, 2, 22, 'Then the LORD God made a woman from the rib he had taken out of the man, and he brought her to the man.'),
(54, 2, 23, 'The man said, “This is now bone of my bones and flesh of my flesh; she shall be called ‘woman,’ for she was taken out of man.”'),
(55, 2, 24, 'That is why a man leaves his father and mother and is united to his wife, and they become one flesh.'),
(56, 2, 25, 'Adam and his wife were both naked, and they felt no shame.'),
(57, 3, 1, 'Now the serpent was more crafty than any of the wild animals the LORD God had made. He said to the woman, “Did God really say, ‘You must not eat from any tree in the garden’?”'),
(58, 3, 2, 'The woman said to the serpent, “We may eat fruit from the trees in the garden,'),
(59, 3, 3, 'but God did say, ‘You must not eat fruit from the tree that is in the middle of the garden, and you must not touch it, or you will die.’”'),
(60, 3, 4, '“You will not certainly die,” the serpent said to the woman.'),
(61, 3, 5, '“For God knows that when you eat from it your eyes will be opened, and you will be like God, knowing good and evil.”'),
(62, 3, 6, 'When the woman saw that the fruit of the tree was good for food and pleasing to the eye, and also desirable for gaining wisdom, she took some and ate it. She also gave some to her husband, who was with her, and he ate it.'),
(63, 3, 7, 'Then the eyes of both of them were opened, and they realized they were naked; so they sewed fig leaves together and made coverings for themselves.'),
(64, 3, 8, 'Then the man and his wife heard the sound of the LORD God as he was walking in the garden in the cool of the day, and they hid from the LORD God among the trees of the garden.'),
(65, 3, 9, 'But the LORD God called to the man, “Where are you?”'),
(66, 3, 10, 'He answered, “I heard you in the garden, and I was afraid because I was naked; so I hid.”'),
(67, 3, 11, 'And he said, “Who told you that you were naked? Have you eaten from the tree that I commanded you not to eat from?”'),
(68, 3, 12, 'The man said, “The woman you put here with me—she gave me some fruit from the tree, and I ate it.”'),
(69, 3, 13, 'Then the LORD God said to the woman, “What is this you have done?” The woman said, “The serpent deceived me, and I ate.”'),
(70, 3, 14, 'So the LORD God said to the serpent, “Because you have done this, “Cursed are you above all livestock and all wild animals! You will crawl on your belly and you will eat dust all the days of your life.'),
(71, 3, 15, 'And I will put enmity between you and the woman, and between your offspring and hers; he will crush your head, and you will strike his heel.”'),
(72, 3, 16, 'To the woman he said, “I will make your pains in childbearing very severe; with painful labor you will give birth to children. Your desire will be for your husband, and he will rule over you.”'),
(73, 3, 17, 'To Adam he said, “Because you listened to your wife and ate fruit from the tree about which I commanded you, ‘You must not eat from it,’ “Cursed is the ground because of you; through painful toil you will eat food from it all the days of your life.'),
(74, 3, 18, 'It will produce thorns and thistles for you, and you will eat the plants of the field.'),
(75, 3, 19, 'By the sweat of your brow you will eat your food until you return to the ground, since from it you were taken; for dust you are and to dust you will return.”'),
(76, 3, 20, 'Adam named his wife Eve, because she would become the mother of all the living.'),
(77, 3, 21, 'The LORD God made garments of skin for Adam and his wife and clothed them.'),
(78, 3, 22, 'And the LORD God said, “The man has now become like one of us, knowing good and evil. He must not be allowed to reach out his hand and take also from the tree of life and eat, and live forever.”'),
(79, 3, 23, 'So the LORD God banished him from the Garden of Eden to work the ground from which he had been taken.'),
(80, 3, 24, 'After he drove the man out, he placed on the east side of the Garden of Eden cherubim and a flaming sword flashing back and forth to guard the way to the tree of life.'),
(81, 4, 1, 'Adam made love to his wife Eve, and she became pregnant and gave birth to Cain. She said, “With the help of the LORD I have brought forth a man.”'),
(82, 4, 2, 'Later she gave birth to his brother Abel. Now Abel kept flocks, and Cain worked the soil.'),
(83, 4, 3, 'In the course of time Cain brought some of the fruits of the soil as an offering to the LORD.'),
(84, 4, 4, 'And Abel also brought an offering—fat portions from some of the firstborn of his flock. The LORD looked with favor on Abel and his offering,'),
(85, 4, 5, 'but on Cain and his offering he did not look with favor. So Cain was very angry, and his face was downcast.'),
(86, 4, 6, 'Then the LORD said to Cain, “Why are you angry? Why is your face downcast?'),
(87, 4, 7, 'If you do what is right, will you not be accepted? But if you do not do what is right, sin is crouching at your door; it desires to have you, but you must rule over it.”'),
(88, 4, 8, 'Now Cain said to his brother Abel, “Let’s go out to the field.” While they were in the field, Cain attacked his brother Abel and killed him.'),
(89, 4, 9, 'Then the LORD said to Cain, “Where is your brother Abel?” “I don’t know,” he replied. “Am I my brother’s keeper?”'),
(90, 4, 10, 'The LORD said, “What have you done? Listen! Your brother’s blood cries out to me from the ground.'),
(91, 4, 11, 'Now you are under a curse and driven from the ground, which opened its mouth to receive your brother’s blood from your hand.'),
(92, 4, 12, 'When you work the ground, it will no longer yield its crops for you. You will be a restless wanderer on the earth.”'),
(93, 4, 13, 'Cain said to the LORD, “My punishment is more than I can bear.'),
(94, 4, 14, 'Today you are driving me from the land, and I will be hidden from your presence; I will be a restless wanderer on the earth, and whoever finds me will kill me.”'),
(95, 4, 15, 'But the LORD said to him, “Not so; anyone who kills Cain will suffer vengeance seven times over.” Then the LORD put a mark on Cain so that no one who found him would kill him.'),
(96, 4, 16, 'So Cain went out from the LORD’s presence and lived in the land of Nod, east of Eden.'),
(97, 4, 17, 'Cain made love to his wife, and she became pregnant and gave birth to Enoch. Cain was then building a city, and he named it after his son Enoch.'),
(98, 4, 18, 'To Enoch was born Irad, and Irad was the father of Mehujael, and Mehujael was the father of Methushael, and Methushael was the father of Lamech.'),
(99, 4, 19, 'Lamech married two women, one named Adah and the other Zillah.'),
(100, 4, 20, 'Adah gave birth to Jabal; he was the father of those who live in tents and raise livestock.'),
(101, 4, 21, 'His brother’s name was Jubal; he was the father of all who play stringed instruments and pipes.'),
(102, 4, 22, 'Zillah also had a son, Tubal-Cain, who forged all kinds of tools out of bronze and iron. Tubal-Cain’s sister was Naamah.'),
(103, 4, 23, 'Lamech said to his wives, “Adah and Zillah, listen to me; wives of Lamech, hear my words. I have killed a man for wounding me, a young man for injuring me.'),
(104, 4, 24, 'If Cain is avenged seven times, then Lamech seventy-seven times.”'),
(105, 4, 25, 'Adam made love to his wife again, and she gave birth to a son and named him Seth, saying, “God has granted me another child in place of Abel, since Cain killed him.”'),
(106, 4, 26, 'Seth also had a son, and he named him Enosh. At that time people began to call on the name of the LORD.'),
(107, 5, 1, 'This is the written account of Adam’s family line. When God created mankind, he made them in the likeness of God.'),
(108, 5, 2, 'He created them male and female and blessed them. And he named them “Mankind” when they were created.'),
(109, 5, 3, 'When Adam had lived 130 years, he had a son in his own likeness, in his own image; and he named him Seth.'),
(110, 5, 4, 'After Seth was born, Adam lived 800 years and had other sons and daughters.'),
(111, 5, 5, 'Altogether, Adam lived a total of 930 years, and then he died.'),
(112, 5, 6, 'When Seth had lived 105 years, he became the father of Enosh.'),
(113, 5, 7, 'After he became the father of Enosh, Seth lived 807 years and had other sons and daughters.'),
(114, 5, 8, 'Altogether, Seth lived a total of 912 years, and then he died.'),
(115, 5, 9, 'When Enosh had lived 90 years, he became the father of Kenan.'),
(116, 5, 10, 'After he became the father of Kenan, Enosh lived 815 years and had other sons and daughters.'),
(117, 5, 11, 'Altogether, Enosh lived a total of 905 years, and then he died.'),
(118, 5, 12, 'When Kenan had lived 70 years, he became the father of Mahalalel.'),
(119, 5, 13, 'After he became the father of Mahalalel, Kenan lived 840 years and had other sons and daughters.'),
(120, 5, 14, 'Altogether, Kenan lived a total of 910 years, and then he died.'),
(121, 5, 15, 'When Mahalalel had lived 65 years, he became the father of Jared.'),
(122, 5, 16, 'After he became the father of Jared, Mahalalel lived 830 years and had other sons and daughters.'),
(123, 5, 17, 'Altogether, Mahalalel lived a total of 895 years, and then he died.'),
(124, 5, 18, 'When Jared had lived 162 years, he became the father of Enoch.'),
(125, 5, 19, 'After he became the father of Enoch, Jared lived 800 years and had other sons and daughters.'),
(126, 5, 20, 'Altogether, Jared lived a total of 962 years, and then he died.'),
(127, 5, 21, 'When Enoch had lived 65 years, he became the father of Methuselah.'),
(128, 5, 22, 'After he became the father of Methuselah, Enoch walked faithfully with God 300 years and had other sons and daughters.'),
(129, 5, 23, 'Altogether, Enoch lived a total of 365 years.'),
(130, 5, 24, 'Enoch walked faithfully with God; then he was no more, because God took him away.'),
(131, 5, 25, 'When Methuselah had lived 187 years, he became the father of Lamech.'),
(132, 5, 26, 'After he became the father of Lamech, Methuselah lived 782 years and had other sons and daughters.'),
(133, 5, 27, 'Altogether, Methuselah lived a total of 969 years, and then he died.'),
(134, 5, 28, 'When Lamech had lived 182 years, he had a son.'),
(135, 5, 29, 'He named him Noah and said, “He will comfort us in the labor and painful toil of our hands caused by the ground the LORD has cursed.”'),
(136, 5, 30, 'After Noah was born, Lamech lived 595 years and had other sons and daughters.'),
(137, 5, 31, 'Altogether, Lamech lived a total of 777 years, and then he died.'),
(138, 5, 32, 'After Noah was 500 years old, he became the father of Shem, Ham and Japheth.'),
(139, 6, 1, 'When human beings began to increase in number on the earth and daughters were born to them,'),
(140, 6, 2, 'the sons of God saw that the daughters of humans were beautiful, and they married any of them they chose.'),
(141, 6, 3, 'Then the LORD said, “My Spirit will not contend with humans forever, for they are mortal; their days will be a hundred and twenty years.”'),
(142, 6, 4, 'The Nephilim were on the earth in those days—and also afterward—when the sons of God went to the daughters of humans and had children by them. They were the heroes of old, men of renown.'),
(143, 6, 5, 'The LORD saw how great the wickedness of the human race had become on the earth, and that every inclination of the thoughts of the human heart was only evil all the time.'),
(144, 6, 6, 'The LORD regretted that he had made human beings on the earth, and his heart was deeply troubled.'),
(145, 6, 7, 'So the LORD said, “I will wipe from the face of the earth the human race I have created—and with them the animals, the birds and the creatures that move along the ground—for I regret that I have made them.”'),
(146, 6, 8, 'But Noah found favor in the eyes of the LORD.'),
(147, 6, 9, 'This is the account of Noah and his family. Noah was a righteous man, blameless among the people of his time, and he walked faithfully with God.'),
(148, 6, 10, 'Noah had three sons: Shem, Ham and Japheth.'),
(149, 6, 11, 'Now the earth was corrupt in God’s sight and was full of violence.'),
(150, 6, 12, 'God saw how corrupt the earth had become, for all the people on earth had corrupted their ways.'),
(151, 6, 13, 'So God said to Noah, “I am going to put an end to all people, for the earth is filled with violence because of them. I am surely going to destroy both them and the earth.'),
(152, 6, 14, 'So make yourself an ark of cypress wood; make rooms in it and coat it with pitch inside and out.'),
(153, 6, 15, 'This is how you are to build it: The ark is to be three hundred cubits long, fifty cubits wide and thirty cubits high.'),
(154, 6, 16, 'Make a roof for it, leaving below the roof an opening one cubit high all around. Put a door in the side of the ark and make lower, middle and upper decks.'),
(155, 6, 17, 'I am going to bring floodwaters on the earth to destroy all life under the heavens, every creature that has the breath of life in it. Everything on earth will perish.'),
(156, 6, 18, 'But I will establish my covenant with you, and you will enter the ark—you and your sons and your wife and your sons’ wives with you.'),
(157, 6, 19, 'You are to bring into the ark two of all living creatures, male and female, to keep them alive with you.'),
(158, 6, 20, 'Two of every kind of bird, of every kind of animal and of every kind of creature that moves along the ground will come to you to be kept alive.'),
(159, 6, 21, 'You are to take every kind of food that is to be eaten and store it away as food for you and for them.'),
(160, 6, 22, 'Noah did everything just as God commanded him.'),
(161, 7, 1, 'The LORD then said to Noah, “Go into the ark, you and your whole family, because I have found you righteous in this generation.'),
(162, 7, 2, 'Take with you seven pairs of every kind of clean animal, a male and its mate, and one pair of every kind of unclean animal, a male and its mate,'),
(163, 7, 3, 'and also seven pairs of every kind of bird, male and female, to keep their various kinds alive throughout the earth.'),
(164, 7, 4, 'Seven days from now I will send rain on the earth for forty days and forty nights, and I will wipe from the face of the earth every living creature I have made.”'),
(165, 7, 5, 'And Noah did all that the LORD commanded him.'),
(166, 7, 6, 'Noah was six hundred years old when the floodwaters came on the earth.'),
(167, 7, 7, 'And Noah and his sons and his wife and his sons’ wives entered the ark to escape the waters of the flood.'),
(168, 7, 8, 'Pairs of clean and unclean animals, of birds and of all creatures that move along the ground,'),
(169, 7, 9, 'male and female, came to Noah and entered the ark, as God had commanded Noah.'),
(170, 7, 10, 'And after the seven days the floodwaters came on the earth.'),
(171, 7, 11, 'In the six hundredth year of Noah’s life, on the seventeenth day of the second month—on that day all the springs of the great deep burst forth, and the floodgates of the heavens were opened.'),
(172, 7, 12, 'And rain fell on the earth forty days and forty nights.'),
(173, 7, 13, 'On that very day Noah and his sons, Shem, Ham and Japheth, together with his wife and the wives of his three sons, entered the ark.'),
(174, 7, 14, 'They had with them every wild animal according to its kind, all livestock according to their kinds, every creature that moves along the ground according to its kind and every bird according to its kind, everything with wings.'),
(175, 7, 15, 'Pairs of all creatures that have the breath of life in them came to Noah and entered the ark.'),
(176, 7, 16, 'The animals going in were male and female of every living thing, as God had commanded Noah. Then the LORD shut him in.'),
(177, 7, 17, 'For forty days the flood kept coming on the earth, and as the waters increased they lifted the ark high above the earth.'),
(178, 7, 18, 'The waters rose and increased greatly on the earth, and the ark floated on the surface of the water.'),
(179, 7, 19, 'They rose greatly on the earth, and all the high mountains under the entire heavens were covered.'),
(180, 7, 20, 'The waters rose and covered the mountains to a depth of more than fifteen cubits.'),
(181, 7, 21, 'Every living thing that moved on land perished—birds, livestock, wild animals, all the creatures that swarm over the earth, and all mankind.'),
(182, 7, 22, 'Everything on dry land that had the breath of life in its nostrils died.'),
(183, 7, 23, 'Every living thing on the face of the earth was wiped out; people and animals and the creatures that move along the ground and the birds were wiped from the earth. Only Noah was left, and those with him in the ark.'),
(184, 7, 24, 'The waters flooded the earth for a hundred and fifty days.'),
(185, 8, 1, 'But God remembered Noah and all the wild animals and the livestock that were with him in the ark, and he sent a wind over the earth, and the waters receded.'),
(186, 8, 2, 'Now the springs of the deep and the floodgates of the heavens had been closed, and the rain had stopped falling from the sky.'),
(187, 8, 3, 'The water receded steadily from the earth. At the end of the hundred and fifty days the water had gone down,'),
(188, 8, 4, 'and on the seventeenth day of the seventh month the ark came to rest on the mountains of Ararat.'),
(189, 8, 5, 'The waters continued to recede until the tenth month, and on the first day of the tenth month the tops of the mountains became visible.'),
(190, 8, 6, 'After forty days Noah opened a window he had made in the ark'),
(191, 8, 7, 'and sent out a raven, and it kept flying back and forth until the water had dried up from the earth.'),
(192, 8, 8, 'Then he sent out a dove to see if the water had receded from the surface of the ground.'),
(193, 8, 9, 'But the dove could find no place to set its feet because there was water over all the surface of the earth; so it returned to Noah in the ark. He reached out his hand and took the dove and brought it back to himself in the ark.'),
(194, 8, 10, 'He waited seven more days and again sent out the dove from the ark.'),
(195, 8, 11, 'When the dove returned to him in the evening, there in its beak was a freshly plucked olive leaf! Then Noah knew that the water had receded from the earth.'),
(196, 8, 12, 'He waited seven more days and sent the dove out again, but this time it did not return to him.'),
(197, 8, 13, 'By the first day of the first month of Noah’s six hundred and first year, the water had dried up from the earth. Noah then removed the covering from the ark and saw that the surface of the ground was dry.'),
(198, 8, 14, 'By the twenty-seventh day of the second month the earth was completely dry.'),
(199, 8, 15, 'Then God said to Noah,'),
(200, 8, 16, '“Come out of the ark, you and your wife and your sons and their wives.'),
(201, 8, 17, 'Bring out every kind of living creature that is with you—the birds, the animals, and all the creatures that move along the ground—so they can multiply on the earth and be fruitful and increase in number on it.”'),
(202, 8, 18, 'So Noah came out, together with his sons and his wife and his sons’ wives.'),
(203, 8, 19, 'All the animals and all the creatures that move along the ground and all the birds—everything that moves on land—came out of the ark, one kind after another.'),
(204, 8, 20, 'Then Noah built an altar to the LORD and, taking some of all the clean animals and clean birds, he sacrificed burnt offerings on it.'),
(205, 8, 21, 'The LORD smelled the pleasing aroma and said in his heart: “Never again will I curse the ground because of humans, even though every inclination of the human heart is evil from childhood. And never again will I destroy all living creatures, as I have done.'),
(206, 8, 22, '“As long as the earth endures, seedtime and harvest, cold and heat, summer and winter, day and night will never cease.”');

--
-- Indexes for dumped tables
--

--
-- Indexes for table `admin`
--
ALTER TABLE `admin`
  ADD PRIMARY KEY (`admin_id`);

--
-- Indexes for table `books`
--
ALTER TABLE `books`
  ADD PRIMARY KEY (`book_id`);

--
-- Indexes for table `chapters`
--
ALTER TABLE `chapters`
  ADD PRIMARY KEY (`chapter_id`),
  ADD KEY `chapters_ibfk_1` (`book_id`);

--
-- Indexes for table `verses`
--
ALTER TABLE `verses`
  ADD PRIMARY KEY (`verse_id`),
  ADD KEY `verses_ibfk_1` (`chapter_id`);

--
-- AUTO_INCREMENT for dumped tables
--

--
-- AUTO_INCREMENT for table `admin`
--
ALTER TABLE `admin`
  MODIFY `admin_id` int(11) NOT NULL AUTO_INCREMENT, AUTO_INCREMENT=2;

--
-- AUTO_INCREMENT for table `books`
--
ALTER TABLE `books`
  MODIFY `book_id` int(11) NOT NULL AUTO_INCREMENT, AUTO_INCREMENT=68;

--
-- AUTO_INCREMENT for table `chapters`
--
ALTER TABLE `chapters`
  MODIFY `chapter_id` int(11) NOT NULL AUTO_INCREMENT, AUTO_INCREMENT=1190;

--
-- AUTO_INCREMENT for table `verses`
--
ALTER TABLE `verses`
  MODIFY `verse_id` int(11) NOT NULL AUTO_INCREMENT, AUTO_INCREMENT=207;

--
-- Constraints for dumped tables
--

--
-- Constraints for table `chapters`
--
ALTER TABLE `chapters`
  ADD CONSTRAINT `chapters_ibfk_1` FOREIGN KEY (`book_id`) REFERENCES `books` (`book_id`) ON DELETE CASCADE ON UPDATE CASCADE;

--
-- Constraints for table `verses`
--
ALTER TABLE `verses`
  ADD CONSTRAINT `verses_ibfk_1` FOREIGN KEY (`chapter_id`) REFERENCES `chapters` (`chapter_id`) ON DELETE CASCADE ON UPDATE CASCADE;
COMMIT;

/*!40101 SET CHARACTER_SET_CLIENT=@OLD_CHARACTER_SET_CLIENT */;
/*!40101 SET CHARACTER_SET_RESULTS=@OLD_CHARACTER_SET_RESULTS */;
/*!40101 SET COLLATION_CONNECTION=@OLD_COLLATION_CONNECTION */;
